,Sentiment_Vader,VIX
1996-06-13,0.19435263157894736,0.0185190477672377
1996-06-18,0.45447428571428566,-0.00145878946365929
1996-09-19,0.29544861111111115,0.0296317976063714
1996-10-02,0.37301447368421053,-0.0410152125674221
1996-10-07,0.20587708333333324,0.0677459885323888
1996-10-09,0.18329504132231406,0.0926062574719237
1996-10-11,0.29583157894736833,-0.229292011614662
1996-10-16,0.2633104166666667,-0.0424774282671159
1996-10-24,0.3233208791208792,0.068766857247093
1996-10-31,0.30227160493827165,-0.0481550418870471
1996-11-18,0.10432871287128717,0.17062551703076298
1996-11-21,0.26732955974842754,-0.0319876754933972
1996-11-25,0.3271695652173911,0.20149868143369298
1996-12-03,0.09683191489361703,0.0936965755319124
1996-12-05,0.21279370629370634,0.0269195259132422
1996-12-06,0.4452662921348315,0.0840188560531763
1996-12-19,0.13041186440677965,-0.0711200096529954
1997-01-14,0.16910066225165568,-0.0608981822065964
1997-01-16,0.03572077922077918,0.0237971569675191
1997-01-24,0.31078661971830995,0.0957727145026723
1997-01-28,0.39570104166666664,0.058628613169720005
1997-01-29,0.3566493827160495,-0.0512407167698301
1997-02-14,0.13701550387596903,-0.0058582475683675
1997-02-21,0.16680642857142874,-0.0801993615471241
1997-03-03,0.24298684210526314,-0.0195318709172456
1997-03-07,0.3104746666666667,-0.120864702193792
1997-03-13,0.3482840425531917,0.0177585133009801
1997-04-04,0.2890759493670886,-0.197586078859031
1997-04-10,0.28580544217687065,0.0502864984303697
1997-04-24,0.24440934579439236,0.0342775493557612
1997-04-29,0.13658589743589739,-0.14864708861028
1997-05-01,0.21684065040650413,-0.0194390570322227
1997-05-08,0.35834418604651147,-0.00664454271866877
1997-05-23,0.3829532110091744,-0.0858951808697226
1997-06-10,0.31946265060240964,-0.045435887167911
1997-06-18,0.2963805825242719,0.0291991546922619
1997-09-04,0.3613517241379311,0.0220728078409627
1997-09-05,0.2381118644067797,-0.060976796498716
1997-09-12,0.4680085106382979,-0.0470675108579854
1997-09-17,0.2548193103448275,0.0238564603619587
1997-09-19,0.11195045871559638,-0.0564567086676568
1997-09-23,0.38440833333333335,-0.007123805727851541
1997-10-14,0.21890795454545453,-0.0276319386620862
1997-10-15,-0.05107727272727273,0.0064447054426422
1997-10-30,0.2084910714285715,0.0573615744391001
1997-10-31,0.3303689189189189,-0.0356552958572376
1997-11-04,0.18631206896551727,0.00216216300449545
1997-11-07,0.30554434782608714,0.0634308225197016
1997-12-01,0.2791017543859649,-0.0621724561500256
1997-12-02,0.04454969696969695,-0.0183991561743344
1997-12-03,0.44820000000000004,-0.11349376082943
1997-12-15,-0.23975555555555556,-0.0226567274818912
1998-01-08,0.19925749999999992,0.0555312679307924
1998-01-12,0.30513606557377043,-0.0305460523488206
1998-01-16,0.33133513513513513,-0.14291683407165698
1998-02-11,0.17697809523809527,-0.0275668298326552
1998-02-17,0.26077080291970806,0.0929202165077863
1998-02-26,0.19021683168316827,0.00124921940043254
1998-02-27,0.01100958904109589,-0.00877748582122351
1998-03-02,0.17280337078651684,0.0705030655821792
1998-03-03,0.06612543859649125,-0.0153758203621095
1998-03-04,0.08488828124999999,0.0590107562589797
1998-03-06,0.2635142857142857,-0.183894502458413
1998-03-09,0.2742014705882353,0.115813367893336
1998-03-16,0.25173298969072155,-0.0225291130600276
1998-03-17,0.2205744186046512,0.0163217684856942
1998-03-19,0.28761724137931033,-0.0701095661870266
1998-03-26,0.14765619834710758,0.0203224606258479
1998-04-02,0.2416959016393443,-0.10929190027819802
1998-04-09,0.2577505154639175,-0.134113702080213
1998-04-16,0.21310930232558134,0.103880130487392
1998-04-23,0.0670915966386555,0.0735625671770173
1998-04-30,0.46829333333333356,-0.133651347041988
1998-05-07,0.016299230769230785,0.0459097013040779
1998-05-12,0.4204835051546393,-0.0058479698824234205
1998-05-20,0.34483749999999996,-0.0509123730976073
1998-06-03,0.2237639751552795,0.0665472261986517
1998-06-09,0.22318367346938786,-0.00610999864157868
1998-06-18,0.17752345679012344,-0.0399705683300375
1998-07-09,0.10015043478260872,0.0446926103561989
1998-07-10,0.31306705882352936,-0.0309372352877135
1998-07-20,0.1742164948453608,0.172591272151378
1998-09-04,0.2871962264150943,0.0123929136154182
1998-09-15,0.09921478260869562,-0.0188778581765892
1998-09-17,0.2973475409836067,0.0357891078515857
1998-09-18,0.1608931818181818,-0.0063678882827034
1998-09-28,0.46384821428571443,0.0066889881507972105
1998-10-05,0.1854162011173185,0.0163073158085769
1998-10-14,0.37069999999999986,-0.0116903425852879
1998-10-16,0.23700476190476194,0.0275843666859537
1998-10-22,0.16842972972972978,-0.0415490029128724
1998-10-27,0.3617745454545454,0.0122963324238805
1998-10-29,-0.004075206611570251,-0.0840831172105414
1998-11-05,0.06972500000000004,-0.0589948239878222
1998-11-06,0.24970550458715596,-0.0170245855111677
1998-11-12,0.3399094594594594,0.0299065350565861
1999-01-04,0.33642758620689645,0.10357718928239901
1999-01-11,0.3124984000000002,0.14836429636362802
1999-01-15,0.21269222222222225,-0.105773653445153
1999-01-21,0.12105391304347826,0.0727699483444564
1999-02-11,0.19809591836734688,-0.11162655723647198
1999-02-16,0.41540384615384623,-0.00349040493976815
1999-02-24,0.25392763157894743,0.0266163066751099
1999-02-25,0.09007045454545456,0.0315284626615417
1999-03-01,0.291532075471698,0.0221957323917836
1999-03-03,0.34925316455696187,-0.004739345363896421
1999-03-08,0.3607815789473684,0.0329371090740862
1999-03-09,0.33285324675324673,0.0275979752036761
1999-03-10,0.3630054545454545,-0.0151572732216465
1999-03-12,0.25249534883720953,0.0271975602616745
1999-03-16,0.21204712643678153,-0.0056617277920008
1999-03-19,0.12676960784313723,0.0143128620394908
1999-03-25,0.06270731707317068,-0.131473971156229
1999-04-06,0.36254301075268813,0.0380011181786131
1999-04-13,0.21596074766355144,0.0643700433341232
1999-04-14,0.2332310606060605,0.156434746457082
1999-04-16,0.20795769230769226,-0.00231213975837985
1999-04-22,0.01250813953488372,-0.0529486779443307
1999-04-26,0.39377142857142866,0.0595851464103765
1999-04-29,0.10025258620689648,0.0400782235674102
1999-05-06,0.24421301369862988,0.109809204278511
1999-05-13,0.28118351648351647,-0.0651651156171873
1999-06-01,0.19489620253164552,0.0669847917965987
1999-06-02,0.18783428571428573,-0.0198288056493015
1999-06-03,0.17050817610062896,-0.000667779657535839
1999-06-10,0.2562555555555556,0.0941872150597014
1999-06-14,-0.048706250000000034,0.0334255716578546
1999-06-16,0.16728333333333328,-0.242521676332927
1999-06-22,0.37281315789473674,-0.00911583340800881
1999-07-29,0.31966627906976736,0.12555653398976402
1999-08-27,0.18944875,0.0549230624381289
1999-09-08,0.4190376811594203,0.0283260480431187
1999-09-09,0.30985113636363626,-0.0624202593860952
1999-09-15,0.383333823529412,0.0575044944801908
1999-09-16,0.41619285714285714,0.0417627283619755
1999-09-17,0.0019227272727272739,-0.13413604849299002
1999-09-21,0.42225454545454566,0.10436689766038199
1999-09-27,0.18346999999999994,-0.0552484742304786
1999-09-28,0.35147142857142866,-0.0200140102700681
1999-09-30,0.17771066666666674,-0.0603368342838717
1999-10-01,0.044664761904761936,-0.0312303592416194
1999-10-06,0.3950775862068967,-0.200670695462151
1999-10-11,0.1979,0.0142423567155436
1999-10-12,0.1844507352941176,0.188196521236975
1999-10-14,-0.03170958904109589,0.00473133697751393
1999-10-15,0.05426799999999999,0.116358480588856
1999-10-19,0.05276868686868687,-0.0653993709724459
1999-10-28,0.16240909090909092,-0.225977752550085
1999-11-02,0.4447281249999999,0.07840470566929801
1999-11-04,0.10008030303030303,-0.0131364779053706
1999-11-15,0.2716636363636364,0.0888496128013809
1999-11-30,0.27675258215962445,0.0440395614108349
1999-12-15,0.23295206611570254,-0.0804539764434713
2000-01-07,-0.21258394160583952,-0.287910565540859
2000-01-13,0.14187884615384613,-0.0892199761890717
2000-01-14,0.1949016666666668,-0.19762562611774298
2000-01-20,0.037697709923664106,0.00182648452603473
2000-02-03,0.34271666666666684,-0.087160175442401
2000-02-17,0.3972387096774191,-0.0265395552346126
2000-02-23,0.2740396226415094,-0.124708804009344
2000-02-25,0.22079300699300713,0.05151664993327999
2000-03-03,0.022291472868217085,-0.187382887435112
2000-03-06,0.25032298850574713,0.227350147842177
2000-03-07,0.31318181818181806,0.220154012465843
2000-03-08,0.2312261363636364,-0.0358133511574037
2000-03-13,0.34579687500000006,0.132099069629589
2000-03-22,0.3199855421686747,-0.0194180858571018
2000-03-30,0.12249431818181816,0.0240432317984984
2000-04-05,0.2395207317073172,0.0550827590847804
2000-04-06,0.40376039603960395,-0.0537965852740365
2000-04-07,0.2204553846153846,-0.146468183655242
2000-04-10,0.4004169491525422,0.0957159416277049
2000-04-11,0.31809054054054053,0.0558804583944568
2000-04-12,0.2698910958904109,0.0246302315042959
2000-04-14,-0.06733124999999997,0.111101933972016
2000-04-17,0.39334375000000005,-0.125899481282127
2000-04-20,0.20290640000000004,-0.0550719579702719
2000-04-27,0.38228484848484845,-0.0328760706129447
2000-05-04,0.10727352941176471,-0.026697914950378997
2000-05-09,0.33986974789915947,0.0290577344795429
2000-05-11,0.3291857142857143,-0.0793685611656043
2000-05-12,0.3238020833333333,-0.0746857841882882
2000-05-18,0.5229384615384615,-0.00153491971808428
2000-05-22,0.3377240384615385,0.0315743455985951
2000-05-25,0.33861428571428576,0.0185259096075141
2000-05-26,0.23570833333333344,-0.007369230106547771
2000-05-31,0.09853809523809515,0.00157232736795265
2000-06-01,0.11004090909090909,-0.09987675730157002
2000-06-06,0.25628157894736825,0.0250013022054176
2000-06-13,0.24784105263157893,-0.0527614539465509
2000-07-11,0.3345070588235293,-0.0220945337062428
2000-07-12,-0.051022222222222205,-0.00854706057845878
2000-08-25,0.3328950819672131,-0.0772087498319705
2000-08-31,0.05257662337662334,-0.12290898589920697
2000-09-15,0.3576586538461538,0.0334221339411185
2000-09-18,0.2183232558139534,0.18631693588654802
2000-10-11,0.3736255319148935,0.0999109108902623
2000-10-16,0.17742499999999994,-0.0320129769878132
2000-10-19,0.11707039106145248,-0.17061154127869302
2000-10-20,0.24673399999999998,-0.0541860213892154
2000-10-24,0.21717265917603001,-0.0273786986434619
2000-10-31,0.1376367521367522,-0.12127100570810198
2000-11-14,0.3540884057971015,-0.0912260047229214
2000-11-20,0.4109392857142856,0.13498277168917
2000-11-21,0.4987166666666666,-0.0309303006913586
2000-12-05,0.2706249999999999,-0.137918739054149
2000-12-06,0.35620161290322594,0.005726572557200879
2000-12-08,0.5568,-0.20920604347042804
2001-01-12,0.32061538461538447,-0.0743705427210699
2001-01-25,0.333098,0.0495538144547298
2001-02-14,0.36910593220338983,0.0131210879626975
2001-02-15,0.30710608108108095,-0.11743393458807999
2001-02-20,0.3305017964071856,0.192593107115785
2001-02-27,0.280646875,0.0589401860121503
2001-03-05,0.1989642857142856,-0.0140577394902319
2001-03-07,0.18730224719101118,-0.10990597802950099
2001-03-09,0.2813557692307693,0.0840710264086191
2001-03-15,0.1689561983471074,-0.0350496227404831
2001-03-23,0.2949675675675675,-0.0621933543021616
2001-03-27,0.29054927536231895,-0.0829169848889793
2001-03-28,0.3826542613636362,0.0655460778978707
2001-04-05,0.317544,-0.10339893884469198
2001-04-06,0.39593333333333336,0.0511203687739537
2001-04-19,0.3276737373737374,0.0022735894598726603
2001-04-26,0.26841071428571434,0.0044402229627351604
2001-04-27,0.3479546296296296,-0.0341198208023803
2001-05-10,0.12603688524590162,-0.0257005831085806
2001-05-17,0.1686504761904762,-0.0367350763253222
2001-05-18,0.21388,-0.0207947001545081
2001-05-21,0.41034158415841554,-0.0429334229086011
2001-05-24,0.17754848484848496,-0.13568861698752302
2001-06-06,0.26397830188679233,0.0829770327271087
2001-06-11,0.2883290502793296,0.0792907337065314
2001-06-14,0.47991212121212085,0.13563788842978802
2001-06-20,0.35151249999999984,-0.0508357331807572
2001-06-28,0.42249130434782617,-0.085486918101382
2001-07-17,0.2865772511848342,-0.0210356936214113
2001-07-18,0.2632153846153845,0.0761103392558153
2001-08-03,0.3635939393939393,-0.0204638266505377
2001-08-31,0.5373643678160919,-0.031951599806602005
2001-09-04,0.32168769230769234,0.056115702696748
2001-10-11,0.21472142857142856,-0.00385356931599024
2001-10-12,0.21256867469879526,0.0779615414697119
2001-10-15,0.1260099290780142,0.00101988790074525
2001-10-16,0.09471150442477877,-0.0437569803570996
2001-10-23,0.013329999999999976,-0.00486882216882023
2001-10-24,0.1778983870967742,-0.0342007960857851
2001-10-26,0.3533879999999999,-0.0382136047571731
2001-11-08,0.3010779069767442,-0.0179323394606623
2001-11-13,0.18826,-0.113234572088732
2001-11-27,0.1344883928571429,0.0154324050388119
2001-11-30,0.47426756756756755,-0.0185852383033387
2001-12-03,0.17388387096774188,0.0540672212702757
2001-12-05,0.2810565972222221,-0.0808040324152959
2001-12-18,0.06513250000000001,-0.0716259367659697
2002-01-08,0.2417695652173914,0.0136801039040799
2002-01-10,0.3638671641791046,-0.007989390033479541
2002-01-11,0.1734961904761905,0.0461553404956181
2002-01-16,0.09204077669902914,0.0574399057489154
2002-01-18,0.2774738095238095,0.0216552420706
2002-02-07,0.34888037383177584,-0.0560506435098587
2002-02-08,0.30658202247191013,-0.12815694375021
2002-02-20,0.5325031578947371,-0.13226047527489
2002-02-27,0.131846,-0.0175849047754406
2002-02-28,0.22600454545454549,0.00929374719145937
2002-03-01,-0.296,-0.15584808012678303
2002-03-04,-0.005325641025641028,0.0546929145303574
2002-03-07,0.19448399999999993,0.0107759663444922
2002-03-12,0.2997212765957447,-0.0254861439833407
2002-03-13,0.22187283950617281,-0.014697833835692
2002-03-21,0.34543070866141706,-0.0402913497744519
2002-03-26,0.4450494252873563,-0.0454919244675631
2002-04-08,0.4553557377049181,0.0540672212702757
2002-04-22,0.2089647727272726,0.165051480609492
2002-04-30,0.24212465753424653,-0.16552969412407
2002-07-05,0.26579642857142866,-0.0927898842405739
2002-07-08,0.372052,0.0496177123753654
2002-07-26,0.4107935897435897,-0.0408423298498413
2002-08-30,0.16043625,-0.0233061396333865
2002-09-25,0.34172142857142845,-0.0279361465259127
2002-10-03,0.26400000000000007,0.00398804117795581
2002-10-07,0.2266474358974358,0.0231335617482529
2002-10-08,0.034542187499999995,-0.0105364959445211
2002-10-09,0.1862892857142857,0.007196001308701129
2002-10-15,0.22650610328638465,-0.0292253560723275
2002-10-16,0.19407346938775502,0.0282142336403792
2002-10-22,0.41829062500000025,0.0199377013533342
2002-10-23,0.2708360655737704,-0.0178201780634266
2002-10-24,0.3052452631578947,0.0167806769303223
2002-10-29,0.45155789473684216,0.0356886626170816
2002-11-07,0.31142252252252256,-0.00171184064627639
2002-11-08,0.020064457831325315,-0.0277956516231637
2002-11-12,0.360559756097561,-0.0218557312551715
2002-11-18,0.4580121212121211,0.0397488224087246
2002-11-19,0.09335252525252523,-0.0107425993604382
2002-11-20,0.21447448275862074,-0.100150337005427
2002-11-21,0.15415944055944059,-0.100379185307622
2002-11-22,0.27488399999999996,-0.0493337901681423
2002-12-13,0.3818,0.0363220891974025
2002-12-19,0.14733958333333338,0.0668690347141077
2003-02-03,0.16391428571428587,-0.00558037162413161
2003-02-05,0.07609673913043478,0.00798939003347865
2003-02-06,0.17982761904761896,0.005818582932855421
2003-02-11,0.2562828220858897,-0.00417755176742673
2003-02-12,0.15784188034188038,0.0104113381882414
2003-02-21,0.19313555555555562,-0.0259461819445859
2003-02-27,0.29085050505050514,-0.042748668205161
2003-02-28,0.25911509433962276,-0.0276038227978299
2003-03-04,0.24208787878787877,0.0412085031021467
2003-03-07,0.2626733333333335,-0.0116635590486123
2003-03-13,0.4083688073394495,-0.0391156214606827
2003-03-24,0.2666322580645161,0.0573591968945335
2003-03-25,0.33235691056910555,-0.0537512555183346
2003-03-28,0.28894305555555555,-0.00748599877737099
2003-04-03,0.3652293103448275,0.0104906855354718
2003-04-04,0.28309545454545454,0.0355780665538576
2003-04-07,0.49384313725490186,-0.0258040119564305
2003-04-09,0.3477543046357616,-0.00128700146464755
2003-04-10,0.20858269230769227,-0.0693148808280046
2003-04-24,0.27350697674418617,-0.0457629416893921
2003-04-28,-0.021742748091603044,0.00396825917562005
2003-05-07,0.20611544715447164,0.0177344549397684
2003-05-08,0.17246350364963495,0.0231670592815343
2003-05-13,0.5179812500000001,0.0399166074054431
2003-05-16,0.27645238095238095,-0.0954268727270318
2003-05-22,0.04178137254901961,-0.14052778579761802
2003-05-30,0.3740089743589744,-0.0995415706061484
2003-06-10,0.20281466666666673,-0.133909726698018
2003-06-11,0.1904495412844036,-0.0433057357200601
2003-06-13,0.552928125,0.0244660521544064
2003-06-16,0.08218199999999999,-0.0442686794505862
2003-06-17,0.09746086956521738,-0.0212773984472854
2003-06-20,0.6514,-0.0717439048588409
2003-06-26,0.44180666666666646,-0.143941468809583
2003-07-23,0.11597307692307691,-0.0581277416178478
2003-08-07,0.15709781021897812,-0.11661767018246001
2003-08-18,0.3808563636363636,-0.0118189163031426
2003-08-29,0.104102,0.0176326986509565
2003-09-04,0.489244827586207,-0.0808040324152968
2003-09-22,0.36371160714285705,0.0609734549730749
2003-09-24,0.27287279999999997,0.17394374693969197
2003-09-26,0.40877818181818176,-0.00262812240626875
2003-10-01,0.1749448,-0.140057095540711
2003-10-02,0.2777720588235295,-0.0245471333572755
2003-10-08,0.11868809523809526,-0.0255234272662275
2003-10-09,0.05482558139534885,-0.0383280447203047
2003-10-17,0.2866614457831325,0.0616935690053397
2003-10-24,0.28143611111111094,0.004228336109521
2003-10-29,0.3650070588235295,-0.0610247018377743
2003-10-31,0.2722980582524272,-0.0406057549259433
2003-11-06,0.2020265625000001,-0.0176427992427506
2003-11-13,0.39917563025210095,-0.0445986378005907
2003-11-14,0.0925818181818182,0.0732630206881577
2003-11-20,0.14192577319587626,0.0742828126122488
2003-11-21,0.13436590909090906,-0.0548882653054088
2003-12-02,0.22101285714285726,-0.0805804866593398
2003-12-11,0.21863061224489802,-0.16405745362813098
2004-01-07,0.2162641666666666,-0.21627899780875898
2004-01-14,0.3364093220338982,-0.182590772033163
2004-01-26,0.2044554545454545,-0.0620724286423782
2004-02-04,0.16781320754716977,0.0742137866609891
2004-02-19,0.18237843137254905,0.0387645434502444
2004-02-20,0.2515321212121213,0.0427972287718204
2004-02-23,0.0608904109589041,0.0445309548100363
2004-02-25,0.06568536585365853,-0.197359434158495
2004-02-26,0.2380081300813009,-0.0206666368085591
2004-02-27,0.37274354838709683,-0.0597549305020149
2004-03-01,0.44086093750000005,-0.0274673947006105
2004-03-02,0.22949734513274345,0.0941587691992831
2004-03-12,0.16238552631578945,-0.25664623715093
2004-03-25,0.43067346938775514,-0.224241849063272
2004-03-26,0.2145711111111111,-0.077070937284379
2004-03-30,0.05956842105263158,-0.0376756888308902
2004-03-31,0.06568536585365853,0.0756027407429505
2004-04-01,0.34457857142857146,-0.0146701897477932
2004-04-08,0.14264912280701753,0.0897216217733714
2004-04-15,0.31368306451612876,0.0213807950249505
2004-04-22,0.2734683673469388,-0.21235384389282996
2004-04-23,0.2615493975903615,-0.152525984100257
2004-04-26,0.4250045454545455,0.18845799332632002
2004-04-27,0.18530547945205472,0.0660080291169312
2004-05-05,0.3724285714285714,-0.13734819115122301
2004-05-06,0.27007802197802194,0.212764830435978
2004-05-13,0.3572781249999999,0.0888909728771763
2004-05-14,0.06568536585365853,-0.0459994082478632
2004-05-17,0.6124,0.162836945083218
2004-05-19,0.17463065693430652,-0.0425093517965838
2004-05-20,0.5169499999999999,-0.0306208859563286
2004-05-21,0.22327904761904757,-0.0201011793210872
2004-06-03,0.4168057692307692,0.15389231527343697
2004-06-10,0.296,-0.074741284397815
2004-06-15,0.34639838709677434,-0.199865866444863
2004-06-21,0.35921724137931044,0.0587764364718684
2004-06-22,0.15570546874999996,-0.213674779885357
2004-06-24,0.04795405405405402,0.20638499672559
2004-07-07,0.35304672897196276,-0.0784358122872337
2004-07-15,0.23654031007751944,0.24791074902488397
2004-07-16,0.183270895522388,-0.0846275856343528
2004-07-21,-0.08157818181818173,0.46523685140808096
2004-08-12,0.21118554216867474,0.12627091328409598
2004-08-27,0.2944898550724638,-0.0443479904543089
2004-09-10,0.41356666666666664,-0.0736710047008433
2004-09-16,-0.08128024691358027,-0.057300853837340994
2004-09-28,0.48863086419753066,-0.20745222151953302
2004-09-30,0.3647555555555555,0.046687113972653
2004-10-04,0.3080354838709677,0.25180378478687904
2004-10-06,0.35147169811320755,-0.215226993236359
2004-10-07,0.22253130434782598,0.362749645485204
2004-10-08,0.34666052631578953,0.11972075252566197
2004-10-14,0.20685423728813568,0.184364458423754
2004-10-15,0.08239350649350649,-0.265259608395948
2004-10-19,-0.3612,0.0933555695610035
2004-10-21,0.2465862745098041,-0.0668506608959509
2004-10-26,0.16657857142857138,-0.0303564624805936
2004-10-29,0.5375777777777777,0.162930367479304
2004-11-05,0.32398064516129027,-0.0380719479494083
2004-11-15,0.2686244186046512,0.0174524499512261
2004-11-18,0.49086909090909076,-0.0843411484337517
2004-12-02,0.22709918032786883,0.00400802139753864
2004-12-07,0.34,0.163629423781802
2005-01-06,-0.14359795918367352,-0.15276275455241
2005-01-07,0.3909641509433963,-0.0295588022415449
2005-01-12,0.21034897959183668,-0.256087707033564
2005-01-18,0.28707250000000006,0.0202027073175195
2005-01-19,0.4072699999999995,0.296394013053803
2005-01-27,0.21034897959183674,-0.0702042586732485
2005-02-04,0.287825352112676,-0.51082562376599
2005-02-07,0.31272957746478874,0.47308529578314296
2005-02-11,0.2165058333333333,-0.0762273653878838
2005-02-24,0.4072699999999999,-0.512563243664531
2005-02-28,0.2592413793103449,0.41476750077047797
2005-03-02,0.09395312499999998,0.25061094601482
2005-03-08,0.256,0.0753043830641307
2005-03-10,0.0906605504587156,-0.0944096844710742
2005-03-11,0.19395142857142855,0.138469674265105
2005-03-14,0.18439999999999993,-0.189241999638528
2005-03-18,0.26408596491228065,-0.0550597771830272
2005-03-30,0.41788936170212754,-0.238891908282349
2005-03-31,0.23394758064516147,0.113895418107663
2005-04-05,0.29145432098765445,-0.126453109040927
2005-04-08,0.36730000000000007,0.14022934130865
2005-04-14,0.35030476190476206,0.3595078070230371
2005-04-18,0.33993893129770997,-0.17228802780437696
2005-04-20,0.028093023255813962,0.36005522884755603
2005-04-21,0.32800895522388057,-0.48236315910222904
2005-04-22,0.27574057971014493,0.21288705114702103
2005-04-27,0.2844999999999999,-0.00687287928776215
2005-05-05,0.14382624113475184,0.0379607622392228
2005-05-12,0.21224956521739122,0.34115102867280395
2005-05-16,0.3054299999999999,-0.115619001052934
2005-05-17,0.2837620689655173,-0.230956091051004
2005-05-19,0.2935536082474226,-0.103946088265015
2005-05-20,0.23746039603960398,-0.0657170716570157
2005-05-26,0.2936579439252338,-0.175708400902238
2005-05-27,0.3619820512820514,-0.0462510176507553
2005-06-03,0.3259547945205481,0.195424781792382
2005-06-06,0.10562083333333334,0.0685983163427526
2005-06-07,0.2679065934065934,0.0589983407619554
2005-06-08,0.31314597701149416,0.14518200984449803
2005-06-14,0.8182,0.0930904230660126
2005-06-15,0.1254742857142857,-0.26088387929705703
2005-06-23,0.42339181818181826,0.91330119302579
2005-07-21,-0.043051250000000034,1.82454929205105
2005-08-26,0.21123116883116888,-0.0030911925696726103
2005-09-16,0.2987807692307691,-0.901548450136952
2005-09-26,0.41330666666666654,0.0278347989934433
2005-09-27,0.29959069767441854,-0.11191791620398502
2005-09-28,0.45741071428571434,-0.0587076008267786
2005-09-29,0.23518918918918913,-0.19448829555383398
2005-10-11,0.249258865248227,0.0158106060266423
2005-10-12,0.30391891891891876,0.105948578009381
2005-10-13,0.09451214953271023,0.0431473311562538
2005-10-17,0.12293092783505154,-0.0470675108579863
2005-10-18,0.11122192982456142,0.145507583671239
2005-10-19,0.2589784946236559,-0.46667583915306105
2005-10-26,0.17695846153846156,0.0123002780816517
2005-10-27,0.4408052631578947,0.2907336463791789
2005-11-03,0.2670485714285716,-0.171014485879263
2005-11-07,0.29727777777777775,-0.0264665731881628
2005-11-14,0.1966164705882353,0.345873010905919
2005-11-15,0.3471400000000001,0.0288204385354911
2005-11-28,0.2235388235294117,0.909122242395542
2005-11-29,0.4032408602150537,0.0353393664453092
2005-11-30,0.3084471153846154,0.10536051565782599
2005-12-02,0.24499577464788738,-0.24116205681688802
2005-12-05,0.5039260273972603,0.58102988243924
2005-12-06,0.21813458646616546,-0.0702042586732485
2005-12-14,0.3122999999999999,-1.04380405217311
2006-01-18,0.3459298701298702,0.19817692858374902
2006-02-02,0.08913586956521743,0.371381091328428
2006-02-06,0.5801173913043478,0.0278347989934433
2006-02-23,0.363136559139785,-0.0070175726586461104
2006-02-24,0.5391303030303031,-0.311436158459888
2006-03-03,0.32793000000000005,0.15082288973458402
2006-03-08,0.33110720720720715,-0.164139237710764
2006-03-10,0.5240319148936171,-0.451985123743058
2006-03-13,0.3514108433734939,-0.377294231141468
2006-03-16,0.22842222222222222,0.48058573857627296
2006-03-20,0.3544461538461539,-0.20671300991811398
2006-03-29,0.12106,-0.659245628884264
2006-03-31,0.2413267441860465,-0.159964649692678
2006-04-03,0.277825,0.159964649692678
2006-04-05,0.5023375,-0.0136056520557792
2006-04-06,0.4164982758620688,0.34426954708124496
2006-04-10,0.13022307692307694,-0.0398913290273022
2006-04-13,0.30896736842105255,-0.177072200907811
2006-04-17,0.21273008849557523,0.0995847054294368
2006-04-20,0.46054457831325296,0.293161538216407
2006-04-27,0.14451124999999998,0.0516720105443209
2006-04-28,0.11527812500000002,-0.17229999833293502
2006-05-03,0.48120468750000017,0.0
2006-05-04,0.20787117117117124,-0.0816780310142668
2006-05-11,0.32757011494252875,0.41042789745029395
2006-05-16,0.2460296703296704,-0.0741079721537217
2006-05-18,0.2934322314049588,0.11564024726465899
2006-05-24,0.44334910714285697,-0.122204560914261
2006-05-25,0.4474458333333335,-0.30908124681564597
2006-06-05,0.3471877551020408,0.46378327852925105
2006-06-06,0.13537999999999994,0.10289442316263302
2006-06-09,0.48755747126436777,-0.0301662218255929
2006-06-12,0.1322217821782179,0.307132166400531
2006-06-13,0.4501623188405797,0.23230808849963397
2006-06-14,0.19836936936936933,-0.187302887144159
2006-06-15,0.22736199999999995,-0.689408858449339
2006-06-16,0.2622384615384616,0.21715550946958703
2006-07-06,0.3064686440677968,-0.14689111981445402
2006-07-18,0.23339326923076922,-0.116225645526931
2006-08-25,0.3349680412371135,-0.0477544312958997
2006-08-31,0.47600729166666644,0.0501497836854714
2006-09-01,0.36183200000000004,-0.20430046351273
2006-09-11,0.3887267605633803,-0.0617957192684662
2006-09-27,0.4930744525547446,0.0440599897940306
2006-10-04,0.19034375000000006,-0.22738984219566
2006-10-11,0.19529411764705892,0.0870113769896292
2006-10-12,0.32762654867256635,-0.553385238184786
2006-10-16,0.31684999999999997,0.449916870678999
2006-10-17,0.160135593220339,0.633427945858323
2006-11-01,0.4023357142857143,0.442852640179784
2006-11-02,0.2585346153846154,-0.0861776962410516
2006-11-03,0.34108405797101454,-0.274436845701761
2006-11-10,0.2596230769230769,-0.339507140316367
2006-11-16,0.24139420289855076,-0.980829253011726
2006-11-21,0.23164107142857152,-0.00044953922986756795
2006-11-28,0.2634808823529409,-0.42199441005937605
2006-11-30,0.3068619047619047,0.12861737782209298
2006-12-01,0.4870750000000001,0.7598385550586179
2006-12-15,0.49787716535433085,-7.014365014040401
2007-01-05,0.23871825396825386,0.432616097174115
2007-01-08,0.22460512820512818,-0.0870113769896292
2007-01-11,0.09210297029702968,-0.646627164925052
2007-01-17,0.14970729166666666,-0.295464212893836
2007-01-18,0.32854676258992793,0.504556010752395
2007-02-06,0.3737213114754098,0.270290329739912
2007-02-21,0.10324339622641511,-0.318453731118535
2007-02-26,0.2647324786324787,0.8835009090511641
2007-03-02,0.33849862068965536,0.41426466206001294
2007-03-05,0.3495034883720931,0.112344829407239
2007-03-06,0.2336567010309278,-0.500439773733867
2007-03-09,0.1613241379310345,-0.0540672212702757
2007-03-12,0.280430534351145,-0.0281708769666968
2007-03-22,0.36430078125,0.35376373373127507
2007-03-23,0.1745972602739726,0.00813012608325003
2007-03-30,0.23623301886792444,-0.109950450035615
2007-04-10,0.07210813953488371,-0.18610227963386
2007-04-11,0.10127461538461534,0.310154928303839
2007-04-20,0.13553170731707315,-0.251314428280906
2007-04-25,0.6164076923076924,0.033648034118233
2007-04-26,0.3252513812154696,-0.163384355774205
2007-05-01,0.29680466666666677,-0.21115140226894602
2007-05-10,0.31670891089108905,0.259153988837243
2007-05-15,0.22812352941176478,0.0143063956512375
2007-05-16,0.2753923809523809,-0.156520910849221
2007-05-17,0.1895620689655173,0.00331675262599429
2007-05-22,0.4650978723404254,-0.0892785844385253
2007-05-23,0.40681810344827574,0.0676950127713516
2007-05-24,0.21954313725490202,0.266551290821707
2007-06-01,0.07774166666666665,-0.10709813555636698
2007-06-05,0.1251384615384616,0.11460338273900399
2007-06-14,0.24001071428571422,-0.290060194856748
2007-06-15,0.3152114503816793,0.0909717782057271
2007-07-10,0.2828692307692306,0.40905835667429
2007-07-12,0.37485925925925934,-0.19356878088130303
2007-08-01,0.4832357894736844,0.0110411216276063
2007-08-31,0.1960052631578946,-0.115731569923313
2007-09-06,0.2120270833333333,-0.0427511669526632
2007-09-10,0.2019135802469135,0.0468835858988506
2007-09-11,0.3067879699248121,-0.101691822393845
2007-09-21,0.4215,-0.15295235733515
2007-09-24,0.3581970802919708,0.0399114004145371
2007-09-27,0.2281438596491228,-0.0907685881207039
2007-09-28,0.12610087719298246,0.14070961725824
2007-10-05,0.24937564102564108,-0.211083741553577
2007-10-11,0.2684119047619048,0.29907357073787605
2007-10-12,0.3151717948717948,-0.144689109495176
2007-10-15,0.1737948717948718,0.185122679073666
2007-10-19,0.120730487804878,0.424298056441257
2007-10-22,0.17690344827586205,-0.104807876793251
2007-10-26,0.009663063063063039,-0.158965325622799
2007-11-05,0.07727301587301592,0.0982336105434989
2007-11-06,0.4293602409638553,-0.229526152294707
2007-11-07,0.16543243243243244,0.358556412038438
2007-11-13,0.3311535714285715,-0.308937457448846
2007-11-14,0.3608732558139536,0.114821324162055
2007-11-16,0.09897126436781613,-0.115386528769389
2007-11-28,0.08473518518518516,-0.13419606529771302
2007-11-29,0.24753539823008852,-0.00992753476041752
2007-11-30,0.27377722772277235,-0.0840157984494505
2008-01-04,0.3046338983050847,0.11050191515824499
2008-01-10,0.16496500000000006,-0.0490179805504143
2008-01-11,0.008327272727272739,0.0173917427118688
2008-02-04,0.1326757575757576,0.12286693069365598
2008-02-15,0.12857608695652176,-0.0338060361304535
2008-02-25,0.2204171171171171,-0.0784560605599838
2008-02-26,0.0852549180327869,-0.0887366146376705
2008-02-27,0.3977027027027027,0.0636935696720071
2008-02-29,0.09301363636363634,0.18732749532047302
2008-03-03,0.13163263157894742,-0.0112323612386556
2008-03-04,0.0853972222222222,-0.0427618593380812
2008-03-07,0.25347291666666666,-0.00252844635335858
2008-03-11,0.0299495575221239,-0.118444630123122
2008-03-14,0.10591836734693873,0.135761047951792
2008-03-27,0.1436237288135593,-0.0108328750629232
2008-04-03,0.38754818181818174,-0.0169154254755899
2008-04-04,0.13446377952755906,-0.0594068420840435
2008-04-07,0.5242266666666667,-0.00258955690673357
2008-04-09,0.645655,0.034971580842079006
2008-04-10,0.26850909090909086,-0.0658246230287149
2008-04-14,0.1935827272727272,0.0267311513733031
2008-04-17,0.22370921985815606,-0.0154244703256312
2008-04-21,0.29472386363636366,0.0364813774664192
2008-05-05,0.06490853658536583,0.0872315200835292
2008-05-07,0.03848275862068966,0.173510927111799
2008-05-13,0.1099585365853659,0.0247265344682894
2008-05-14,0.2597544642857144,-0.0429726546960945
2008-05-15,0.2080905660377358,-0.20524519669589103
2008-05-20,0.15116250000000006,0.0820743785247533
2008-05-21,0.15025545454545464,0.132635576027843
2008-05-22,0.27742999999999984,-0.0688136439571236
2008-05-29,0.10995853658536593,-0.11171478644243302
2008-06-03,0.24182027027027023,0.0418291541963969
2008-06-04,0.28678888888888876,0.0551723158683197
2008-06-06,0.24141919191919192,0.456966454093261
2008-06-09,0.30172528735632187,-0.0345832614300798
2008-06-11,0.08612682926829268,0.06996959303619299
2008-06-12,0.3899571428571428,-0.0578286102325691
2008-06-16,0.45768521739130424,-0.025170738346552
2008-06-26,0.29595903614457836,0.224298952944766
2008-07-02,0.1696408333333333,0.14592481790522302
2008-07-08,0.219932380952381,-0.17823157154243
2008-07-17,0.38750285714285704,-0.00643089033029032
2008-07-28,0.2817274193548388,0.100519507956395
2008-08-22,0.165504347826087,-0.10877765347158401
2008-09-09,0.5023799999999999,0.19789098554165402
2008-09-11,0.25107777777777773,-0.00888894741724577
2008-10-07,0.2975783783783784,0.00275989135625565
2008-10-14,0.31781818181818183,0.000458400191386765
2008-10-15,0.26806862745098037,0.0141071736580338
2008-10-20,0.051815384615384624,-0.0191262660935267
2008-10-31,0.2982739130434783,-0.00273224213687318
2008-11-06,0.14825370370370367,0.010499982338004999
2008-11-12,0.18021340206185574,0.0036330648498808
2008-11-14,0.31908979591836734,0.00591313981304076
2008-11-19,0.1221576576576576,0.0045167195124769
2008-12-01,0.14835156249999992,0.0127448243075028
2008-12-03,0.05226493506493504,-0.0018198367169857102
2008-12-04,0.08737184466019421,0.00227427889704046
2008-12-08,0.18357522935779816,-0.00182481802462853
2009-01-13,0.2677196078431375,-0.0173835714086685
2009-02-11,-0.04663543307086611,-0.0116851060814378
2009-02-18,0.3369981481481481,-0.000462641692267951
2009-02-24,0.27403707865168536,-0.0148356916667467
2009-03-10,0.1727599999999999,-0.0186398686590428
2009-03-20,0.25051009174311917,0.0135928973604562
2009-03-30,0.31912089552238804,0.0308008238144044
2009-04-03,0.11046394557823126,-0.0168800728535778
2009-04-06,0.005490697674418622,0.009198806089742991
2009-04-14,0.11668275862068964,-0.00148551649006734
2009-04-17,0.31379557522123885,-0.0282867921169361
2009-04-20,0.1645307692307693,0.0651252034659269
2009-05-07,0.10588800000000002,0.0207399085122812
2009-05-11,0.028314999999999948,0.0166536215237114
2009-05-22,0.3029088235294117,0.0304868466826207
2009-06-04,0.4881285714285714,-0.0232107787598803
2009-06-08,0.03263584905660378,0.00523713737020426
2009-06-10,0.3288949494949493,0.00792928826655004
2009-06-15,0.1272897727272727,0.0900873560375244
2009-06-16,0.1287978102189781,0.0499692199896069
2009-06-17,0.2536603174603174,-0.0276965843804842
2009-06-26,0.3826782608695652,-0.024791889523457997
2009-07-09,0.183228,-0.0453592493989303
2009-07-10,-0.03034399999999997,-0.0246636106907445
2009-08-21,-0.05895234375000003,-0.00571838584699513
2009-08-25,0.22243827160493826,-0.0157483569681389
2009-09-10,0.28290000000000004,-0.0561470023951403
2009-09-14,0.25241363636363645,-0.0206666368085591
2009-09-15,-0.05895234375000001,-0.0330218683049459
2009-09-25,0.5116347826086957,0.042979492660276
2009-09-30,0.4247352941176471,0.0258484527300924
2009-10-08,-0.013092523364485999,-0.0341786611734927
2009-10-09,0.24407678571428576,-0.07941302438341499
2009-10-13,0.17539999999999997,-0.00165289293829929
2009-10-19,0.010447368421052634,0.00561799230422366
2009-10-21,-0.13511862745098038,0.11526207197129401
2009-10-23,0.20480970873786408,0.13853891435514498
2009-11-02,0.28818375000000007,-0.0268971865591956
2009-11-09,-0.02309166666666666,-0.0777166135181266
2009-11-10,0.09310897435897439,-0.0247946586132164
2009-11-16,0.17231229508196716,-0.0376476538712938
2009-12-07,0.1595967741935484,0.0734949557533646
2009-12-09,0.24413500000000007,-0.0781520398351772
2009-12-10,0.16741968503937008,-0.0283402393178509
2010-01-04,0.21194399999999994,-0.155527774375845
2010-01-29,0.2552370370370369,0.0635134057223263
2010-02-03,0.06573728813559324,0.0111525319504748
2010-02-18,0.10375270270270269,-0.0998910398532908
2010-02-26,0.09583456790123451,-0.0626234232014715
2010-03-18,0.05285698924731181,-0.0451689683679115
2010-03-24,0.16793893129770993,0.180883742024327
2010-03-26,0.07074466019417476,-0.0829352052711281
2010-03-31,0.2708650000000001,0.0650155065985585
2010-04-07,0.0737932835820895,0.0647585673481625
2010-04-08,0.5594117647058825,-0.0216855870715884
2010-04-13,0.01332727272727273,0.112267301871081
2010-04-19,0.23418373983739826,-0.13815033848081698
2010-04-21,0.4743125,0.105938383342211
2010-04-27,0.19565500000000002,0.551892129875567
2010-05-06,0.10638108108108105,0.30077290765265
2010-05-11,0.07944084507042252,-0.0211680114327013
2010-05-13,0.14061775147928987,0.0605430324556417
2010-05-25,0.29649708737864067,-0.0448777094684214
2010-06-03,0.3882451612903227,-0.0220171118420867
2010-06-08,0.11906050420168066,-0.0414912266014484
2010-06-09,0.5079233333333334,0.0005228758289064219
2010-06-16,0.1490188235294118,0.00340020728816981
2010-06-28,0.08297614678899082,0.0174126284771763
2010-06-30,0.2790374100719422,0.00362225493079293
2010-07-12,0.4722555555555555,-0.0321195494221129
2010-07-15,0.4975,0.017915205053228998
2010-08-02,0.14410366972477068,-0.11698906975520698
2010-08-27,0.3128317365269459,-0.151607766823146
2010-09-01,0.1861409523809524,-0.135556368004294
2010-09-17,0.1281523255813953,0.0234879813072135
2010-09-24,0.4740388888888889,-0.168811986884307
2010-09-30,0.3636454545454546,0.034225385875402
2010-10-04,0.15996829268292695,0.0799766771013575
2010-10-11,0.032147302904564336,-0.183123481456016
2010-10-15,0.14551754385964907,-0.0911792901384079
2010-10-19,0.5818461538461539,0.159552448532678
2010-10-25,0.14565490196078434,0.115735952034658
2010-11-08,0.22814234234234232,0.0039138993211365
2010-11-12,0.08489038461538465,0.20857408988135398
2010-11-19,0.24072313432835818,-0.0888042954439188
2010-12-01,0.23000441176470582,-0.176164776749085
2010-12-02,0.34556377952755896,-0.195438368748904
2011-01-07,0.19189140624999995,-0.0374015172054234
2011-02-02,0.26369915966386553,-0.046587754838982996
2011-02-03,0.2693185185185185,-0.0904042010354704
2011-02-11,0.041524545454545446,-0.0729977860835476
2011-02-18,0.312301923076923,-0.0251902488285589
2011-02-25,0.23438125000000007,-0.21114199532944697
2011-03-02,0.17608072289156626,-0.0276971216106707
2011-03-04,0.023425000000000043,0.0524830625231392
2011-03-23,0.23804625000000007,-0.110172449125566
2011-03-24,0.3532453781512605,-0.139938428536161
2011-03-31,-0.07037666666666666,0.00421053253634351
2011-04-04,0.2064364583333332,0.0131292914417926
2011-04-07,0.10793884297520659,0.0311067071322553
2011-04-11,0.08238823529411765,-0.187009280806333
2011-04-14,0.35689532710280364,-0.104486007512894
2011-04-28,0.2142404761904762,-0.15935089955436602
2011-04-29,-0.08268387096774193,0.0287789645500434
2011-05-05,0.07365825242718448,0.15502941450594798
2011-05-06,0.3427571428571427,0.0260092684751179
2011-05-10,0.32194271844660194,-0.203206836816452
2011-05-12,0.560732,-0.152062996396774
2011-05-16,0.5186519999999999,0.161825314580367
2011-05-24,0.3370487804878049,-0.0591570308477651
2011-06-01,0.1921807692307692,0.446612253013337
2011-06-03,-0.01773720930232557,-0.0175324787616411
2011-06-07,0.19685905511811017,-0.0547724896541188
2011-06-09,0.0294174603174603,-0.129338514364487
2011-06-14,0.12393015873015872,-0.15471074704996302
2011-06-29,0.2129236559139785,-0.24094817594771697
2011-08-26,0.22463363636363637,-0.0437228110138319
2011-09-01,0.09508376068376068,0.0060224655064669
2011-09-08,-0.006308433734939762,0.016719302729058
2011-09-15,0.28313846153846156,-0.0508045756354596
2011-09-26,0.23471530612244904,-0.0184202978513186
2011-09-28,0.4238789808917197,0.0292846695451754
2011-10-04,0.13551711711711714,-0.0313267192264242
2011-10-18,0.1763231578947369,-0.0435904360748616
2011-10-20,-0.03720430107526879,0.0072202479734873
2011-10-21,0.08075084745762712,-0.0746615287690195
2011-11-04,0.22898981481481484,-0.0102682020271994
2011-11-09,0.5823076923076923,0.22681003244290898
2011-11-10,0.3123135135135136,-0.0565943896610142
2011-11-11,0.13286288659793813,-0.073122264828962
2011-11-29,0.16067019230769225,-0.0447959881895361
2012-01-06,0.10157251908396941,-0.07770898432731599
2012-01-13,0.014368548387096777,0.0422173244958923
2012-02-10,0.10157583333333335,0.226881873424817
2012-02-16,0.36461584158415844,-0.19394959478907398
2012-03-01,0.14467948717948717,-0.15906469462968803
2012-03-14,0.3208673913043479,0.11048753690966001
2012-03-23,0.22206250000000005,-0.15879105938376098
2012-03-26,-0.15424436090225568,-0.131540021239597
2012-03-27,0.30104074074074066,0.294291481839455
2012-04-09,0.13394074074074072,0.286867408455604
2012-04-10,-0.092619387755102,0.167336158850548
2012-04-11,0.054464999999999965,-0.03793921817622701
2012-04-12,-0.04212982456140353,-0.34250543742538103
2012-04-13,-0.09177591240875917,0.29409114245789303
2012-05-02,-0.013532291666666649,0.0437316646063977
2012-05-10,0.2308617021276596,-0.133378941980124
2012-05-15,0.09160447761194034,0.008097210232619109
2012-06-06,0.13293607594936716,-0.188329341000752
2012-06-12,0.26856953125000005,-0.11462596910361599
2012-07-20,0.14154583333333332,0.15066027488748998
2012-07-23,0.26601981132075464,0.33547273628812896
2012-07-24,0.5492863636363636,0.19679957597460798
2012-08-06,0.4393095238095238,0.0570496886427767
2012-08-07,0.530363888888889,0.00736651581676284
2012-08-31,0.2048581920903955,-0.0510749299364157
2012-10-01,0.33585447761194015,0.105938383342211
2012-10-05,0.08796474820143879,-0.0557106070140057
2012-10-10,0.09769471544715441,-0.0138410514118714
2012-10-11,0.21078979591836744,-0.126092727032101
2012-11-09,0.23928053097345134,0.0138628559083953
2012-11-13,0.19484619883040935,-0.004914014802428921
2012-11-15,0.1863591666666667,0.0081633106391612
2012-11-20,0.09225737704918031,-0.0345606750654674
2012-11-28,0.20805798319327742,-0.0772584831371317
2012-11-30,0.1720962264150943,0.16262929868280998
2012-12-04,0.10878700000000002,0.0729324694910316
2012-12-17,0.05199761904761905,-0.103285826116966
2013-01-04,0.007792523364485968,-0.197672192465894
2013-02-05,0.21604803149606305,-0.250626197008041
2013-02-07,0.24502372881355944,0.0303564624805936
2013-02-11,0.05949927007299268,-0.0280579527951579
2013-02-22,0.12517948717948718,-0.24251983027734803
2013-02-28,0.041991935483870965,0.167967243342272
2013-03-01,0.23725572519083982,-0.0305834233720805
2013-03-04,0.17861390728476817,-0.316385478054475
2013-03-08,0.2192967741935482,-0.192489810223208
2013-03-22,0.12400944881889764,-0.127833371509885
2013-03-25,0.20651774193548383,0.0537253993561633
2013-04-04,0.47439333333333333,-0.0899482366629387
2013-04-08,-0.07714913793103452,-0.239308488167564
2013-04-12,0.24741499999999989,-0.100975917340002
2013-04-16,0.2300545454545455,-0.654963393589786
2013-04-17,0.1613586956521739,0.540915887118491
2013-04-18,0.1456992307692308,0.15510899326907002
2013-04-19,0.19087333333333323,-0.449525097902195
2013-05-03,0.11148563218390806,-0.268512156344061
2013-05-09,0.23403777777777776,0.191454040357227
2013-05-10,0.10766434782608696,-0.21936282847430397
2013-05-16,0.15372150537634413,0.10192113135591699
2013-06-06,0.1772464285714286,-0.12816280653180598
2013-06-27,0.15626694214876027,-0.0511342992365673
2013-06-28,0.3392203703703704,0.0
2013-07-02,0.24274264705882345,0.0119557359201483
2013-07-10,0.2641631578947366,-0.0369435151916848
2013-07-17,0.37612642857142864,-0.17775186110388896
2013-09-20,0.08625978835978834,-0.0150946262224849
2013-09-26,0.2870231884057971,0.014104606181542
2013-10-02,0.39408750000000003,0.18696809684995103
2013-10-03,0.3276639175257733,0.157456467961758
2013-10-04,0.12772131147540983,-0.134542208438883
2013-10-11,0.3487714285714285,-0.135219156738243
2013-10-14,0.28744615384615385,0.0635728040176122
2013-10-18,0.0924936507936508,-0.159180028232261
2013-11-04,0.2570523076923078,-0.129953571276638
2013-11-07,0.11390159999999994,0.44573900724610405
2013-11-08,-0.053744615384615405,-0.34587301090591804
2013-11-13,0.4053258064516129,-0.132311136219293
2013-11-14,0.5401428571428571,-0.0759859069779223
2013-11-19,0.3103913043478259,0.10536051565782599
2013-11-21,0.17601,-0.288828204382404
2013-11-22,0.18676258503401363,-0.19710925694833398
2013-12-16,0.029737837837837865,0.0486076990653768
2014-01-03,0.3192754966887418,-0.134295626517279
2014-02-25,0.22102846153846162,-0.162204414634355
2014-02-28,0.26234029850746265,-0.0113315660095505
2014-03-05,0.4326212121212121,-0.0599323407226731
2014-03-21,0.12369302325581397,0.10362203266688699
2014-03-24,0.525557142857143,0.0199342149008173
2014-03-25,0.7004999999999999,-0.25602475258109
2014-03-27,0.20511614906832315,-0.0681815124160723
2014-03-31,0.16728851351351343,-0.145261732410012
2014-04-09,0.32615280000000013,-0.26949975336859
2014-04-15,0.25048648648648647,-0.0902868466721003
2014-04-16,0.05200495049504951,-0.31968480353795503
2014-05-01,0.21188026315789477,-0.0563529365511322
2014-05-06,0.33757999999999994,0.167328772207814
2014-05-08,0.06231259259259258,0.0102565001671886
2014-05-15,0.5582588235294118,0.45518854346059395
2014-05-21,0.38328139534883726,-0.529822124456646
2014-06-06,0.27410999999999996,-1.09064411901893
2014-06-09,0.07383799999999997,0.579818495252942
2014-06-25,0.008445000000000008,-0.35581987761899897
2014-07-02,0.1278336448598131,-0.405465108108164
2014-07-10,0.038399342105263176,0.544401919299595
2014-08-11,0.19545131578947364,-0.335325666650391
2014-08-22,0.05614032258064516,-0.22884157242884803
2014-09-04,0.3115428571428571,0.13353139262452302
2014-09-18,0.10969200000000003,-0.32365154819215197
2014-09-23,0.4252740740740741,0.318453731118534
2014-09-30,-0.016118749999999994,0.0571584138399492
2014-10-17,0.4902444444444445,-0.234881192741473
2014-10-20,0.6058384615384615,-0.339697467870661
2014-10-30,0.36428965517241374,-0.13662832913505601
2014-11-06,0.05448411214953275,-0.14603155538875398
2014-11-07,0.1950652173913044,-0.189897350602412
2014-11-14,0.202165,-0.157185583522412
2014-11-20,0.06349340659340656,-0.11598350304911301
2014-12-02,0.3928500000000001,-0.47211111158529995
2014-12-03,0.038669306930693044,-0.169742774587095
2015-01-20,0.2744796296296296,-0.10427178392263001
2015-01-30,0.13657964601769904,0.22878566121583999
2015-02-04,0.2834782608695653,0.135754439112469
2015-02-09,-0.04318571428571426,0.16980574886212502
2015-02-18,0.05312275862068965,-0.0668224962454023
2015-02-27,0.4035521739130435,-0.18232155679395395
2015-03-03,0.07332142857142857,0.27881938519393606
2015-03-23,0.20966976744186044,0.14336431354076098
2015-03-27,0.1118700729927007,-0.147204014696362
2015-03-30,0.01897128712871285,-0.121645109422327
2015-04-02,0.4931441176470588,-0.0985906638834875
2015-04-08,0.04020641025641025,-0.19936742406694397
2015-04-30,0.18161919191919182,0.33647223662121306
2015-05-04,0.34126999999999996,0.0653827592628522
2015-05-06,0.09962021276595746,0.19014428247516302
2015-05-14,0.2876076923076923,-0.369425171624967
2015-05-21,0.14654588235294114,-0.374693449441411
2015-05-22,0.19509105691056913,0.0120483385161751
2015-05-26,0.23531968503937017,0.759741969362883
2015-06-01,-0.040564761904761916,0.0380719479494083
2015-06-02,0.2037355555555556,0.0747235461959361
2015-06-24,-0.2577541666666667,0.518072032286758
2015-06-25,0.3039263636363638,0.23961366941075798
2015-06-30,0.28104130434782604,-0.075793839369533
2015-07-01,0.00043333333333332925,-0.318781868939363
2015-07-09,-0.00444747474747476,0.0318183725873835
2015-07-10,0.17567647058823535,-0.391523863546081
2015-08-03,0.2696065789473684,0.23034646360826702
2015-09-24,0.11330446428571432,0.10482987091202302
2015-09-28,-0.012540845070422538,0.223300895347262
2015-09-30,0.4685875000000001,-0.128719241935454
2015-10-02,0.2393275862068966,-0.13818199456907698
2015-10-12,0.07965081967213107,-0.145470512995992
2015-10-19,0.20897659574468083,-0.0156078976659915
2015-10-20,0.3616631578947368,0.15767575958712698
2015-11-04,0.16640727272727265,0.20671300991811398
2015-11-05,0.15697677419354839,-0.0969178971924212
2015-11-06,0.3195712500000001,-0.16303962724450502
2015-11-12,0.20677058823529415,0.342417711030304
2015-11-17,0.3152952941176469,0.083805360203403
2015-11-19,0.41622975206611545,0.0204892904524714
2015-11-20,0.4006684210526316,-0.260493939732747
2015-12-01,-0.02390306122448981,-0.296080442150613
2015-12-02,0.28821052631578953,0.257719574278167
2015-12-03,0.07685851063829786,0.33407511202149104
2016-02-01,0.21489473684210528,-0.0224009366891664
2016-02-10,-0.0599379746835443,-0.0105681300617926
2016-02-23,0.25960434782608693,0.162001554302996
2016-02-26,0.22717638888888883,0.0752062699027842
2016-03-07,0.21465859872611456,0.0720618193425233
2016-03-29,0.14069237288135597,-0.346715604035974
2016-04-14,0.4056531249999999,-0.0364782086024098
2016-05-19,0.40564931506849294,0.0661545898258966
2016-05-20,0.12686936936936938,-0.21324461100348
2016-05-26,0.12321359999999998,-0.148302709944836
2016-06-03,0.2423,-0.0522994994028485
2016-06-06,0.20581463414634146,0.0586487270815077
2016-06-21,0.13413809523809522,0.0140757282341841
2016-06-22,-0.13404375,0.27970882019756604
2016-06-28,0.17616825396825397,-0.46444634418086894
2016-07-12,0.1645866666666666,0.00327332534496882
2016-08-26,0.21403612903225813,0.0063492276786592
2016-09-12,0.09085181818181816,-0.39896454350507105
2016-09-26,-0.16990330188679237,0.7899547402297741
2016-09-27,0.27675799999999995,-0.42944101998387607
2016-09-29,0.22356938775510202,0.608972684905515
2016-10-05,0.44574137931034474,-0.22394004677646998
2016-10-07,0.41408356164383553,0.23661176836507603
2016-10-14,0.16562137404580152,-0.0957996960089273
2016-10-17,0.23976153846153836,0.0160288382758988
2016-10-21,0.13168076923076918,-0.13440820109805698
2016-10-24,0.3277586206896553,-0.11909969154113001
2016-11-04,0.28474583333333336,0.034019852870661
2016-11-11,0.26292608695652175,-0.13692237586708098
2016-11-15,0.07289888888888886,-0.32600093675391806
2016-11-17,0.3799045045045044,-0.12166051240280401
2016-11-18,0.2724553719008264,-0.187931669684721
2016-11-21,0.3091645161290322,-0.195060582571385
2016-11-29,0.16773467741935486,-0.0945585826250124
2016-11-30,0.13322795698924725,0.16003651200452
2016-12-02,0.4162719512195122,0.0138698478641501
2016-12-19,0.37445972222222207,-0.301261330578162
